{"cameraMode":{"drawMode":0,"name":"Shaded","section":"Shading Mode"},"sceneLighting":true,"audioPlay":false,"sceneViewState":{"m_AlwaysRefresh":false,"showFog":true,"showSkybox":true,"showFlares":true,"showImageEffects":true,"showParticleSystems":true,"showVisualEffectGraphs":true,"m_FxEnabled":true},"in2DMode":false,"pivot":{"x":-5.399933815002441,"y":16.000368118286134,"z":9.252476692199707},"rotation":{"x":0.22903859615325929,"y":-0.3075602352619171,"z":0.07653705775737763,"w":0.9203805923461914},"size":7.9435906410217289,"orthographic":false}