{"cameraMode":{"drawMode":0,"name":"Shaded","section":"Shading Mode"},"sceneLighting":true,"audioPlay":false,"sceneViewState":{"m_AlwaysRefresh":false,"showFog":true,"showSkybox":true,"showFlares":true,"showImageEffects":true,"showParticleSystems":true,"showVisualEffectGraphs":true,"m_FxEnabled":true},"in2DMode":false,"pivot":{"x":-4.769835948944092,"y":29.151321411132814,"z":18.458969116210939},"rotation":{"x":0.22903859615325929,"y":-0.3075602352619171,"z":0.07653705775737763,"w":0.9203805923461914},"size":98.99012756347656,"orthographic":false}